climate_model,scenario,doi
BCC-CSM1.1,piControl,https://doi.org/10.1594/WDCC/CMIP5.BCB1pc
BCC-CSM1.1,amip,https://doi.org/10.1594/WDCC/CMIP5.BCB1am
BCC-CSM1.1,amip4K,https://doi.org/10.1594/WDCC/CMIP5.BCB1a4
BCC-CSM1.1,amip4xCO2,https://doi.org/10.1594/WDCC/CMIP5.BCB1a2
BCC-CSM1.1,amipFuture,https://doi.org/10.1594/WDCC/CMIP5.BCB1af
BCC-CSM1.1,historical,https://doi.org/10.1594/WDCC/CMIP5.BCB1hi
BCC-CSM1.1,historicalGHG,https://doi.org/10.1594/WDCC/CMIP5.BCB1hg
BCC-CSM1.1,historicalNat,https://doi.org/10.1594/WDCC/CMIP5.BCB1hn
BCC-CSM1.1,rcp26,https://doi.org/10.1594/WDCC/CMIP5.BCB1r2
BCC-CSM1.1,rcp45,https://doi.org/10.1594/WDCC/CMIP5.BCB1r4
BCC-CSM1.1,rcp60,https://doi.org/10.1594/WDCC/CMIP5.BCB1r6
BCC-CSM1.1,rcp85,https://doi.org/10.1594/WDCC/CMIP5.BCB1r8
BCC-CSM1.1,abrupt4xCO2,https://doi.org/10.1594/WDCC/CMIP5.BCB1c2
BCC-CSM1.1,1pctCO2,https://doi.org/10.1594/WDCC/CMIP5.BCB1c1
BCC-CSM1.1,esmControl,https://doi.org/10.1594/WDCC/CMIP5.BCB1ec
BCC-CSM1.1,esmFdbk1,https://doi.org/10.1594/WDCC/CMIP5.BCB1e1
BCC-CSM1.1,esmFdbk2,https://doi.org/10.1594/WDCC/CMIP5.BCB1e2
BCC-CSM1.1,esmFixClim1,https://doi.org/10.1594/WDCC/CMIP5.BCB1x1
BCC-CSM1.1,esmFixClim2,https://doi.org/10.1594/WDCC/CMIP5.BCB1x2
BCC-CSM1.1,esmHistorical,https://doi.org/10.1594/WDCC/CMIP5.BCB1eh
BCC-CSM1.1,esmrcp85,https://doi.org/10.1594/WDCC/CMIP5.BCB1e8
BCC-CSM1.1,sstClim,https://doi.org/10.1594/WDCC/CMIP5.BCB1sc
BCC-CSM1.1,sstClim4xCO2,https://doi.org/10.1594/WDCC/CMIP5.BCB1s2
BCC-CSM1.1,sstClimAersosol,https://doi.org/10.1594/WDCC/CMIP5.BCB1sa
BCC-CSM1.1,sstClimSulfate,https://doi.org/10.1594/WDCC/CMIP5.BCB1ss
BCC-CSM1.1,midHolocene,https://doi.org/10.1594/WDCC/CMIP5.BCB1mh
BCC-CSM1.1,past1000,https://doi.org/10.1594/WDCC/CMIP5.BCB1pk
BCC-CSM1.1(m),historical,https://doi.org/10.1594/WDCC/CMIP5.BCBMhi
BCC-CSM1.1(m),rcp26,https://doi.org/10.1594/WDCC/CMIP5.BCBMr2
BCC-CSM1.1(m),rcp45,https://doi.org/10.1594/WDCC/CMIP5.BCBMr4
BCC-CSM1.1(m),rcp60,https://doi.org/10.1594/WDCC/CMIP5.BCBMr6
BCC-CSM1.1(m),rcp85,https://doi.org/10.1594/WDCC/CMIP5.BCBMr8
BCC-CSM1.1(m),abrupt4xCO2,https://doi.org/10.1594/WDCC/CMIP5.BCBMc2
BCC-CSM1.1(m),1pctCO2,https://doi.org/10.1594/WDCC/CMIP5.BCBMc1
BCC-CSM1.1(m),esmControl,https://doi.org/10.1594/WDCC/CMIP5.BCBMec
BCC-CSM1.1(m),esmHistorical,https://doi.org/10.1594/WDCC/CMIP5.BCBMeh
BCC-CSM1.1(m),esmrcp85,https://doi.org/10.1594/WDCC/CMIP5.BCBMe8
BNU-ESM,piControl,https://doi.org/10.1594/WDCC/CMIP5.BUBUpc
BNU-ESM,amip,https://doi.org/10.1594/WDCC/CMIP5.BUBUam
BNU-ESM,historical,https://doi.org/10.1594/WDCC/CMIP5.BUBUhi
BNU-ESM,historicalGHG,https://doi.org/10.1594/WDCC/CMIP5.BUBUhg
BNU-ESM,historicalMisc,https://doi.org/10.1594/WDCC/CMIP5.BUBUhm
BNU-ESM,historicalNat,https://doi.org/10.1594/WDCC/CMIP5.BUBUhn
BNU-ESM,rcp26,https://doi.org/10.1594/WDCC/CMIP5.BUBUr2
BNU-ESM,rcp45,https://doi.org/10.1594/WDCC/CMIP5.BUBUr4
BNU-ESM,rcp85,https://doi.org/10.1594/WDCC/CMIP5.BUBUr8
BNU-ESM,abrupt4xCO2,https://doi.org/10.1594/WDCC/CMIP5.BUBUc2
BNU-ESM,1pctCO2,https://doi.org/10.1594/WDCC/CMIP5.BUBUc1
BNU-ESM,esmControl,https://doi.org/10.1594/WDCC/CMIP5.BUBUec
BNU-ESM,esmHistorical,https://doi.org/10.1594/WDCC/CMIP5.BUBUeh
BNU-ESM,esmrcp85,https://doi.org/10.1594/WDCC/CMIP5.BUBUe8
BNU-ESM,sstClim,https://doi.org/10.1594/WDCC/CMIP5.BUBUsc
BNU-ESM,sstClim4xCO2,https://doi.org/10.1594/WDCC/CMIP5.BUBUs2
CanAM4,amip,https://doi.org/10.1594/WDCC/CMIP5.CCA4am
CanAM4,amip4K,https://doi.org/10.1594/WDCC/CMIP5.CCA4a4
CanAM4,amip4xCO2,https://doi.org/10.1594/WDCC/CMIP5.CCA4a2
CanAM4,amipFuture,https://doi.org/10.1594/WDCC/CMIP5.CCA4af
CanCM4,historical,https://doi.org/10.1594/WDCC/CMIP5.CCE4hi
CanCM4,rcp45,https://doi.org/10.1594/WDCC/CMIP5.CCE4r4
CanESM2,historical,https://doi.org/10.1594/WDCC/CMIP5.CCE2hi
CanESM2,historicalExt,https://doi.org/10.1594/WDCC/CMIP5.CCE2hx
CanESM2,historicalGHG,https://doi.org/10.1594/WDCC/CMIP5.CCE2hg
CanESM2,historicalMisc,https://doi.org/10.1594/WDCC/CMIP5.CCE2hm
CanESM2,historicalNat,https://doi.org/10.1594/WDCC/CMIP5.CCE2hn
CanESM2,rcp26,https://doi.org/10.1594/WDCC/CMIP5.CCE2r2
CanESM2,rcp45,https://doi.org/10.1594/WDCC/CMIP5.CCE2r4
CanESM2,rcp85,https://doi.org/10.1594/WDCC/CMIP5.CCE2r8
CanESM2,abrupt4xCO2,https://doi.org/10.1594/WDCC/CMIP5.CCE2c2
CanESM2,1pctCO2,https://doi.org/10.1594/WDCC/CMIP5.CCE2c1
CanESM2,esmControl,https://doi.org/10.1594/WDCC/CMIP5.CCE2ec
CanESM2,esmFdbk1,https://doi.org/10.1594/WDCC/CMIP5.CCE2e1
CanESM2,esmFdbk2,https://doi.org/10.1594/WDCC/CMIP5.CCE2e2
CanESM2,esmFixClim1,https://doi.org/10.1594/WDCC/CMIP5.CCE2x1
CanESM2,esmFixClim2,https://doi.org/10.1594/WDCC/CMIP5.CCE2x2
CanESM2,esmHistorical,https://doi.org/10.1594/WDCC/CMIP5.CCE2eh
CanESM2,esmrcp85,https://doi.org/10.1594/WDCC/CMIP5.CCE2e8
CanESM2,sstClim,https://doi.org/10.1594/WDCC/CMIP5.CCE2sc
CanESM2,sstClim4xCo2,https://doi.org/10.1594/WDCC/CMIP5.CCE2s2
CanESM2,sstClimAerosol,https://doi.org/10.1594/WDCC/CMIP5.CCE2sa
CanESM2,sstClimSulfate,https://doi.org/10.1594/WDCC/CMIP5.CCE2ss
CMCC-CESM,piControl,https://doi.org/10.1594/WDCC/CMIP5.CMC1pc
CMCC-CESM,historical,https://doi.org/10.1594/WDCC/CMIP5.CMC1hi
CMCC-CESM,rcp85,https://doi.org/10.1594/WDCC/CMIP5.CMC1r8
CMCC-CM,historical,https://doi.org/10.1594/WDCC/CMIP5.CMC0hi
CMCC-CM,rcp45,https://doi.org/10.1594/WDCC/CMIP5.CMC0r4
CMCC-CM,rcp85,https://doi.org/10.1594/WDCC/CMIP5.CMC0r8
CMCC-CM,1pctCO2,https://doi.org/10.1594/WDCC/CMIP5.CMC0c1
CMCC-CMS,historical,https://doi.org/10.1594/WDCC/CMIP5.CMC2hi
CMCC-CMS,rcp45,https://doi.org/10.1594/WDCC/CMIP5.CMC2r4
CMCC-CMS,rcp85,https://doi.org/10.1594/WDCC/CMIP5.CMC2r8
CNRM-CM5,piControl,https://doi.org/10.1594/WDCC/CMIP5.CEC5pc
CNRM-CM5,amip,https://doi.org/10.1594/WDCC/CMIP5.CEC5am
CNRM-CM5,amip4K,https://doi.org/10.1594/WDCC/CMIP5.CEC5a4
CNRM-CM5,amip4xCO2,https://doi.org/10.1594/WDCC/CMIP5.CEC5a2
CNRM-CM5,amipFuture,https://doi.org/10.1594/WDCC/CMIP5.CEC5af
CNRM-CM5,historical,https://doi.org/10.1594/WDCC/CMIP5.CEC5hi
CNRM-CM5,historicalExt,https://doi.org/10.1594/WDCC/CMIP5.CEC5hx
CNRM-CM5,historicalGHG,https://doi.org/10.1594/WDCC/CMIP5.CEC5hg
CNRM-CM5,historicalMisc,https://doi.org/10.1594/WDCC/CMIP5.CEC5hm
CNRM-CM5,historicalNat,https://doi.org/10.1594/WDCC/CMIP5.CEC5hn
CNRM-CM5,rcp26,https://doi.org/10.1594/WDCC/CMIP5.CEC5r2
CNRM-CM5,rcp45,https://doi.org/10.1594/WDCC/CMIP5.CEC5r4
CNRM-CM5,rcp85,https://doi.org/10.1594/WDCC/CMIP5.CEC5r8
CNRM-CM5,abrupt4xCO2,https://doi.org/10.1594/WDCC/CMIP5.CEC5c2
CNRM-CM5,1pctCO2,https://doi.org/10.1594/WDCC/CMIP5.CEC5c1
CNRM-CM5,esmFdbk1,https://doi.org/10.1594/WDCC/CMIP5.CEC5e1
CNRM-CM5,esmFixClim1,https://doi.org/10.1594/WDCC/CMIP5.CEC5x1
CNRM-CM5,lgm,https://doi.org/10.1594/WDCC/CMIP5.CEC5lg
CNRM-CM5,midHolocene,https://doi.org/10.1594/WDCC/CMIP5.CEC5mh
CNRM-CM5,aquaControl,https://doi.org/10.1594/WDCC/CMIP5.CEC5qc
CNRM-CM5,aqua4K,https://doi.org/10.1594/WDCC/CMIP5.CEC5q4
CNRM-CM5,aqua4xCO2,https://doi.org/10.1594/WDCC/CMIP5.CEC5q2
CNRM-CM5-2,historical,https://doi.org/10.1594/WDCC/CMIP5.CEF5hi
CNRM-CM5-2,abrupt4xCO2,https://doi.org/10.1594/WDCC/CMIP5.CEF5c2
CNRM-CM5-2,1pctCO2,https://doi.org/10.1594/WDCC/CMIP5.CEF5c1
CNRM-CM5-2,esmFixClim1,https://doi.org/10.1594/WDCC/CMIP5.CEF5x1
ACCESS1.0,piControl,https://doi.org/10.1594/WDCC/CMIP5.CSA0pc
ACCESS1.0,amip,https://doi.org/10.1594/WDCC/CMIP5.CSA0am
ACCESS1.0,historical,https://doi.org/10.1594/WDCC/CMIP5.CSA0hi
ACCESS1.0,rcp45,https://doi.org/10.1594/WDCC/CMIP5.CSA0r4
ACCESS1.0,rcp85,https://doi.org/10.1594/WDCC/CMIP5.CSA0r8
ACCESS1.0,abrupt4xCO2,https://doi.org/10.1594/WDCC/CMIP5.CSA0c2
ACCESS1.0,1pctCO2,https://doi.org/10.1594/WDCC/CMIP5.CSA0c1
ACCESS1.3,historical,https://doi.org/10.1594/WDCC/CMIP5.CSA3hi
ACCESS1.3,rcp45,https://doi.org/10.1594/WDCC/CMIP5.CSA3r4
ACCESS1.3,rcp85,https://doi.org/10.1594/WDCC/CMIP5.CSA3r8
ACCESS1.3,abrupt4xCO2,https://doi.org/10.1594/WDCC/CMIP5.CSA3c2
ACCESS1.3,1pctCO2,https://doi.org/10.1594/WDCC/CMIP5.CSA3c1
CSIRO-Mk3.6.0,piControl,https://doi.org/10.1594/WDCC/CMIP5.CQMKpc
CSIRO-Mk3.6.0,amip,https://doi.org/10.1594/WDCC/CMIP5.CQMKam
CSIRO-Mk3.6.0,historical,https://doi.org/10.1594/WDCC/CMIP5.CQMKhi
CSIRO-Mk3.6.0,historicalGHG,https://doi.org/10.1594/WDCC/CMIP5.CQMKhg
CSIRO-Mk3.6.0,historicalMisc,https://doi.org/10.1594/WDCC/CMIP5.CQMKhm
CSIRO-Mk3.6.0,historicalNat,https://doi.org/10.1594/WDCC/CMIP5.CQMKhn
CSIRO-Mk3.6.0,rcp26,https://doi.org/10.1594/WDCC/CMIP5.CQMKr2
CSIRO-Mk3.6.0,rcp45,https://doi.org/10.1594/WDCC/CMIP5.CQMKr4
CSIRO-Mk3.6.0,rcp60,https://doi.org/10.1594/WDCC/CMIP5.CQMKr6
CSIRO-Mk3.6.0,rcp85,https://doi.org/10.1594/WDCC/CMIP5.CQMKr8
CSIRO-Mk3.6.0,abrupt4xCO2,https://doi.org/10.1594/WDCC/CMIP5.CQMKc2
CSIRO-Mk3.6.0,1pctCO2,https://doi.org/10.1594/WDCC/CMIP5.CQMKc1
CSIRO-Mk3.6.0,sstClim,https://doi.org/10.1594/WDCC/CMIP5.CQMKsc
CSIRO-Mk3.6.0,sstClim4xCO2,https://doi.org/10.1594/WDCC/CMIP5.CQMKs2
CSIRO-Mk3.6.0,sstClimAerosol,https://doi.org/10.1594/WDCC/CMIP5.CQMKsa
CSIRO-Mk3.6.0,sstClimSulfate,https://doi.org/10.1594/WDCC/CMIP5.CQMKss
CSIRO-Mk3.6.0,midHolocene,https://doi.org/10.1594/WDCC/CMIP5.CQMKmh
FIO-ESM,piControl,https://doi.org/10.1594/WDCC/CMIP5.FIFIpc
FIO-ESM,historical,https://doi.org/10.1594/WDCC/CMIP5.FIFIhi
FIO-ESM,rcp26,https://doi.org/10.1594/WDCC/CMIP5.FIFIr2
FIO-ESM,rcp45,https://doi.org/10.1594/WDCC/CMIP5.FIFIr4
FIO-ESM,rcp60,https://doi.org/10.1594/WDCC/CMIP5.FIFIr6
FIO-ESM,rcp85,https://doi.org/10.1594/WDCC/CMIP5.FIFIr8
INMCM4.0,piControl,https://doi.org/10.1594/WDCC/CMIP5.INC4pc
INMCM4.0,amip,https://doi.org/10.1594/WDCC/CMIP5.INC4am
INMCM4.0,historical,https://doi.org/10.1594/WDCC/CMIP5.INC4hi
INMCM4.0,rcp45,https://doi.org/10.1594/WDCC/CMIP5.INC4r4
INMCM4.0,rcp85,https://doi.org/10.1594/WDCC/CMIP5.INC4r8
INMCM4.0,abrupt4xCO2,https://doi.org/10.1594/WDCC/CMIP5.INC4c2
INMCM4.0,1pctCO2,https://doi.org/10.1594/WDCC/CMIP5.INC4c1
INMCM4.0,esmControl,https://doi.org/10.1594/WDCC/CMIP5.INC4ec
INMCM4.0,esmHistorical,https://doi.org/10.1594/WDCC/CMIP5.INC4eh
INMCM4.0,esmrcp85,https://doi.org/10.1594/WDCC/CMIP5.INC4e8
INMCM4.0,sstClim,https://doi.org/10.1594/WDCC/CMIP5.INC4sc
INMCM4.0,sstClim4xCO2,https://doi.org/10.1594/WDCC/CMIP5.INC4s2
HadGEM2-ES,historical,https://doi.org/10.1594/WDCC/CMIP5.IEGEhi
IPSL-CM5A-LR,piControl,https://doi.org/10.1594/WDCC/CMIP5.IPILpc
IPSL-CM5A-LR,amip,https://doi.org/10.1594/WDCC/CMIP5.IPILam
IPSL-CM5A-LR,amip4K,https://doi.org/10.1594/WDCC/CMIP5.IPILa4
IPSL-CM5A-LR,amip4xCO2,https://doi.org/10.1594/WDCC/CMIP5.IPILa2
IPSL-CM5A-LR,amipFuture,https://doi.org/10.1594/WDCC/CMIP5.IPILaf
IPSL-CM5A-LR,historical,https://doi.org/10.1594/WDCC/CMIP5.IPILhi
IPSL-CM5A-LR,historicalGHG,https://doi.org/10.1594/WDCC/CMIP5.IPILhg
IPSL-CM5A-LR,historicalMisc,https://doi.org/10.1594/WDCC/CMIP5.IPILhm
IPSL-CM5A-LR,historicalNat,https://doi.org/10.1594/WDCC/CMIP5.IPILhn
IPSL-CM5A-LR,rcp26,https://doi.org/10.1594/WDCC/CMIP5.IPILr2
IPSL-CM5A-LR,rcp45,https://doi.org/10.1594/WDCC/CMIP5.IPILr4
IPSL-CM5A-LR,rcp60,https://doi.org/10.1594/WDCC/CMIP5.IPILr6
IPSL-CM5A-LR,rcp85,https://doi.org/10.1594/WDCC/CMIP5.IPILr8
IPSL-CM5A-LR,abrupt4xCO2,https://doi.org/10.1594/WDCC/CMIP5.IPILc2
IPSL-CM5A-LR,1pctCO2,https://doi.org/10.1594/WDCC/CMIP5.IPILc1
IPSL-CM5A-LR,esmControl,https://doi.org/10.1594/WDCC/CMIP5.IPILec
IPSL-CM5A-LR,esmFdbk1,https://doi.org/10.1594/WDCC/CMIP5.IPILe1
IPSL-CM5A-LR,esmFdbk2,https://doi.org/10.1594/WDCC/CMIP5.IPILe2
IPSL-CM5A-LR,esmFixClim1,https://doi.org/10.1594/WDCC/CMIP5.IPILx1
IPSL-CM5A-LR,esmFixClim2,https://doi.org/10.1594/WDCC/CMIP5.IPILx2
IPSL-CM5A-LR,esmHistorical,https://doi.org/10.1594/WDCC/CMIP5.IPILeh
IPSL-CM5A-LR,esmrcp85,https://doi.org/10.1594/WDCC/CMIP5.IPILe8
IPSL-CM5A-LR,sstClim,https://doi.org/10.1594/WDCC/CMIP5.IPILsc
IPSL-CM5A-LR,sstClim4xCO2,https://doi.org/10.1594/WDCC/CMIP5.IPILs2
IPSL-CM5A-LR,sstClimAerosol,https://doi.org/10.1594/WDCC/CMIP5.IPILsa
IPSL-CM5A-LR,sstClimSulfate,https://doi.org/10.1594/WDCC/CMIP5.IPILss
IPSL-CM5A-LR,lgm,https://doi.org/10.1594/WDCC/CMIP5.IPILlg
IPSL-CM5A-LR,midHolocene,https://doi.org/10.1594/WDCC/CMIP5.IPILmh
IPSL-CM5A-LR,past1000,https://doi.org/10.1594/WDCC/CMIP5.IPILpk
IPSL-CM5A-LR,aquaControl,https://doi.org/10.1594/WDCC/CMIP5.IPILqc
IPSL-CM5A-LR,aqua4K,https://doi.org/10.1594/WDCC/CMIP5.IPILq4
IPSL-CM5A-LR,aqua4xCO2,https://doi.org/10.1594/WDCC/CMIP5.IPILq2
IPSL-CM5A-MR,historical,https://doi.org/10.1594/WDCC/CMIP5.IPIMhi
IPSL-CM5A-MR,historicalGHG,https://doi.org/10.1594/WDCC/CMIP5.IPIMhg
IPSL-CM5A-MR,historicalNat,https://doi.org/10.1594/WDCC/CMIP5.IPIMhn
IPSL-CM5A-MR,rcp26,https://doi.org/10.1594/WDCC/CMIP5.IPIMr2
IPSL-CM5A-MR,rcp45,https://doi.org/10.1594/WDCC/CMIP5.IPIMr4
IPSL-CM5A-MR,rcp60,https://doi.org/10.1594/WDCC/CMIP5.IPIMr6
IPSL-CM5A-MR,rcp85,https://doi.org/10.1594/WDCC/CMIP5.IPIMr8
IPSL-CM5A-MR,abrupt4xCO2,https://doi.org/10.1594/WDCC/CMIP5.IPIMc2
IPSL-CM5A-MR,1pctCO2,https://doi.org/10.1594/WDCC/CMIP5.IPIMc1
IPSL-CM5A-MR,esmFdbk1,https://doi.org/10.1594/WDCC/CMIP5.IPIMe1
IPSL-CM5B-LR,historical,https://doi.org/10.1594/WDCC/CMIP5.IPIBhi
IPSL-CM5B-LR,rcp45,https://doi.org/10.1594/WDCC/CMIP5.IPIBr4
IPSL-CM5B-LR,rcp85,https://doi.org/10.1594/WDCC/CMIP5.IPIBr8
IPSL-CM5B-LR,abrupt4xCO2,https://doi.org/10.1594/WDCC/CMIP5.IPIBc2
IPSL-CM5B-LR,1pctCO2,https://doi.org/10.1594/WDCC/CMIP5.IPIBc1
IPSL-CM5B-LR,aquaControl,https://doi.org/10.1594/WDCC/CMIP5.IPIBqc
FGOALS-g2,piControl,https://doi.org/10.1594/WDCC/CMIP5.LSF2pc
FGOALS-g2,amip,https://doi.org/10.1594/WDCC/CMIP5.LSF2am
FGOALS-g2,amip4K,https://doi.org/10.1594/WDCC/CMIP5.LSF2a4
FGOALS-g2,amip4xCO2,https://doi.org/10.1594/WDCC/CMIP5.LSF2a2
FGOALS-g2,historical,https://doi.org/10.1594/WDCC/CMIP5.LSF2hi
FGOALS-g2,historicalGHG,https://doi.org/10.1594/WDCC/CMIP5.LSF2hg
FGOALS-g2,historicalMisc,https://doi.org/10.1594/WDCC/CMIP5.LSF2hm
FGOALS-g2,historicalNat,https://doi.org/10.1594/WDCC/CMIP5.LSF2hn
FGOALS-g2,rcp26,https://doi.org/10.1594/WDCC/CMIP5.LSF2r2
FGOALS-g2,rcp45,https://doi.org/10.1594/WDCC/CMIP5.LSF2r4
FGOALS-g2,rcp85,https://doi.org/10.1594/WDCC/CMIP5.LSF2r8
FGOALS-g2,abrupt4xCO2,https://doi.org/10.1594/WDCC/CMIP5.LSF2c2
FGOALS-g2,1pctCO2,https://doi.org/10.1594/WDCC/CMIP5.LSF2c1
FGOALS-g2,lgm,https://doi.org/10.1594/WDCC/CMIP5.LSF2lg
FGOALS-g2,midHolocene,https://doi.org/10.1594/WDCC/CMIP5.LSF2mh
FGOALS-g2,aquaControl,https://doi.org/10.1594/WDCC/CMIP5.LSF2qc
FGOALS-g2,aqua4K,https://doi.org/10.1594/WDCC/CMIP5.LSF2q4
FGOALS-g2,aqua4xCO2,https://doi.org/10.1594/WDCC/CMIP5.LSF2q2
FGOALS-gl,past1000,https://doi.org/10.1594/WDCC/CMIP5.LIFGpk
FGOALS-s2,abrupt4xCO2,https://doi.org/10.1594/WDCC/CMIP5.LIFSc2
FGOALS-s2,1pctCO2,https://doi.org/10.1594/WDCC/CMIP5.LIFSc1
FGOALS-s2,sstClim,https://doi.org/10.1594/WDCC/CMIP5.LIFSsc
FGOALS-s2,sstClim4xCO2,https://doi.org/10.1594/WDCC/CMIP5.LIFSs2
FGOALS-s2,sstClimAerosol,https://doi.org/10.1594/WDCC/CMIP5.LIFSsa
FGOALS-s2,sstClimSulfate,https://doi.org/10.1594/WDCC/CMIP5.LIFSss
FGOALS-s2,midHolocene,https://doi.org/10.1594/WDCC/CMIP5.LIFSmh
FGOALS-s2,past1000,https://doi.org/10.1594/WDCC/CMIP5.LIFSpk
FGOALS-s2,aquaControl,https://doi.org/10.1594/WDCC/CMIP5.LIFSqc
FGOALS-s2,aqua4K,https://doi.org/10.1594/WDCC/CMIP5.LIFSq4
FGOALS-s2,aqua4xCO2,https://doi.org/10.1594/WDCC/CMIP5.LIFSq2
MIROC-ESM,piControl,https://doi.org/10.1594/WDCC/CMIP5.MIMEpc
MIROC-ESM,historical,https://doi.org/10.1594/WDCC/CMIP5.MIMEhi
MIROC-ESM,historicalGHG,https://doi.org/10.1594/WDCC/CMIP5.MIMEhg
MIROC-ESM,historicalNat,https://doi.org/10.1594/WDCC/CMIP5.MIMEhn
MIROC-ESM,rcp26,https://doi.org/10.1594/WDCC/CMIP5.MIMEr2
MIROC-ESM,rcp45,https://doi.org/10.1594/WDCC/CMIP5.MIMEr4
MIROC-ESM,rcp60,https://doi.org/10.1594/WDCC/CMIP5.MIMEr6
MIROC-ESM,rcp85,https://doi.org/10.1594/WDCC/CMIP5.MIMEr8
MIROC-ESM,abrupt4xCO2,https://doi.org/10.1594/WDCC/CMIP5.MIMEc2
MIROC-ESM,1pctCO2,https://doi.org/10.1594/WDCC/CMIP5.MIMEc1
MIROC-ESM,esmControl,https://doi.org/10.1594/WDCC/CMIP5.MIMEec
MIROC-ESM,esmFixClim2,https://doi.org/10.1594/WDCC/CMIP5.MIMEx2
MIROC-ESM,esmHistorical,https://doi.org/10.1594/WDCC/CMIP5.MIMEeh
MIROC-ESM,esmrcp85,https://doi.org/10.1594/WDCC/CMIP5.MIMEe8
MIROC-ESM,lgm,https://doi.org/10.1594/WDCC/CMIP5.MIMElg
MIROC-ESM,midHolocene,https://doi.org/10.1594/WDCC/CMIP5.MIMEmh
MIROC-ESM,past1000,https://doi.org/10.1594/WDCC/CMIP5.MIMEpk
MIROC-ESM-CHEM,historical,https://doi.org/10.1594/WDCC/CMIP5.MIM7hi
MIROC-ESM-CHEM,historicalGHG,https://doi.org/10.1594/WDCC/CMIP5.MIM7hg
MIROC-ESM-CHEM,historicalNat,https://doi.org/10.1594/WDCC/CMIP5.MIM7hn
MIROC-ESM-CHEM,rcp26,https://doi.org/10.1594/WDCC/CMIP5.MIM7r2
MIROC-ESM-CHEM,rcp45,https://doi.org/10.1594/WDCC/CMIP5.MIM7r4
MIROC-ESM-CHEM,rcp60,https://doi.org/10.1594/WDCC/CMIP5.MIM7r6
MIROC-ESM-CHEM,rcp85,https://doi.org/10.1594/WDCC/CMIP5.MIM7r8
MIROC4h,historical,https://doi.org/10.1594/WDCC/CMIP5.MIMHhi
MIROC4h,rcp45,https://doi.org/10.1594/WDCC/CMIP5.MIMHr4
MIROC5,historical,https://doi.org/10.1594/WDCC/CMIP5.MIM5hi
MIROC5,rcp26,https://doi.org/10.1594/WDCC/CMIP5.MIM5r2
MIROC5,rcp45,https://doi.org/10.1594/WDCC/CMIP5.MIM5r4
MIROC5,rcp60,https://doi.org/10.1594/WDCC/CMIP5.MIM5r6
MIROC5,rcp85,https://doi.org/10.1594/WDCC/CMIP5.MIM5r8
MIROC5,abrupt4xCO2,https://doi.org/10.1594/WDCC/CMIP5.MIM5c2
MIROC5,1pctCO2,https://doi.org/10.1594/WDCC/CMIP5.MIM5c1
MIROC5,sstClim,https://doi.org/10.1594/WDCC/CMIP5.MIM5sc
MIROC5,sstClim4xCO2,https://doi.org/10.1594/WDCC/CMIP5.MIM5s2
MIROC5,sstClimAerosol,https://doi.org/10.1594/WDCC/CMIP5.MIM5sa
MIROC5,sstClimSulfate,https://doi.org/10.1594/WDCC/CMIP5.MIM5ss
MIROC5,aquaControl,https://doi.org/10.1594/WDCC/CMIP5.MIM5qc
MIROC5,aqua4K,https://doi.org/10.1594/WDCC/CMIP5.MIM5q4
MIROC5,aqua4xCO2,https://doi.org/10.1594/WDCC/CMIP5.MIM5q2
HadCM3,historical,https://doi.org/10.1594/WDCC/CMIP5.MOC3hi
HadCM3,rcp45,https://doi.org/10.1594/WDCC/CMIP5.MOC3r4
HadGEM2-A,sstClim,https://doi.org/10.1594/WDCC/CMIP5.MOGAsc
HadGEM2-A,sstClim4xCO2,https://doi.org/10.1594/WDCC/CMIP5.MOGAs2
HadGEM2-A,sstClimAerosol,https://doi.org/10.1594/WDCC/CMIP5.MOGAsa
HadGEM2-A,sstClimSulfate,https://doi.org/10.1594/WDCC/CMIP5.MOGAss
HadGEM2-CC,historical,https://doi.org/10.1594/WDCC/CMIP5.MOGChi
HadGEM2-CC,rcp45,https://doi.org/10.1594/WDCC/CMIP5.MOGCr4
HadGEM2-CC,rcp85,https://doi.org/10.1594/WDCC/CMIP5.MOGCr8
HadGEM2-CC,midHolocene,https://doi.org/10.1594/WDCC/CMIP5.MOGCmh
HadGEM2-ES,historical,https://doi.org/10.1594/WDCC/CMIP5.MOGEhi
HadGEM2-ES,historicalExt,https://doi.org/10.1594/WDCC/CMIP5.MOGEhx
HadGEM2-ES,historicalGHG,https://doi.org/10.1594/WDCC/CMIP5.MOGEhg
HadGEM2-ES,historicalNat,https://doi.org/10.1594/WDCC/CMIP5.MOGEhn
HadGEM2-ES,rcp26,https://doi.org/10.1594/WDCC/CMIP5.MOGEr2
HadGEM2-ES,rcp45,https://doi.org/10.1594/WDCC/CMIP5.MOGEr4
HadGEM2-ES,rcp60,https://doi.org/10.1594/WDCC/CMIP5.MOGEr6
HadGEM2-ES,rcp85,https://doi.org/10.1594/WDCC/CMIP5.MOGEr8
HadGEM2-ES,abrupt4xCO2,https://doi.org/10.1594/WDCC/CMIP5.MOGEc2
HadGEM2-ES,1pctCO2,https://doi.org/10.1594/WDCC/CMIP5.MOGEc1
HadGEM2-ES,esmControl,https://doi.org/10.1594/WDCC/CMIP5.MOGEec
HadGEM2-ES,esmFdbk1,https://doi.org/10.1594/WDCC/CMIP5.MOGEe1
HadGEM2-ES,esmFdbk2,https://doi.org/10.1594/WDCC/CMIP5.MOGEe2
HadGEM2-ES,esmFixClim1,https://doi.org/10.1594/WDCC/CMIP5.MOGEx1
HadGEM2-ES,esmFixClim2,https://doi.org/10.1594/WDCC/CMIP5.MOGEx2
HadGEM2-ES,esmHistorical,https://doi.org/10.1594/WDCC/CMIP5.MOGEeh
HadGEM2-ES,esmrcp85,https://doi.org/10.1594/WDCC/CMIP5.MOGEe8
HadGEM2-ES,midHolocene,https://doi.org/10.1594/WDCC/CMIP5.MOGEmh
MPI-ESM-LR,piControl,https://doi.org/10.1594/WDCC/CMIP5.MXELpc
MPI-ESM-LR,amip,https://doi.org/10.1594/WDCC/CMIP5.MXELam
MPI-ESM-LR,amip4K,https://doi.org/10.1594/WDCC/CMIP5.MXELa4
MPI-ESM-LR,amip4xCO2,https://doi.org/10.1594/WDCC/CMIP5.MXELa2
MPI-ESM-LR,amipFuture,https://doi.org/10.1594/WDCC/CMIP5.MXELaf
MPI-ESM-LR,historical,https://doi.org/10.1594/WDCC/CMIP5.MXELhi
MPI-ESM-LR,rcp26,https://doi.org/10.1594/WDCC/CMIP5.MXELr2
MPI-ESM-LR,rcp45,https://doi.org/10.1594/WDCC/CMIP5.MXELr4
MPI-ESM-LR,rcp85,https://doi.org/10.1594/WDCC/CMIP5.MXELr8
MPI-ESM-LR,abrupt4xCO2,https://doi.org/10.1594/WDCC/CMIP5.MXELc2
MPI-ESM-LR,1pctCO2,https://doi.org/10.1594/WDCC/CMIP5.MXELc1
MPI-ESM-LR,esmControl,https://doi.org/10.1594/WDCC/CMIP5.MXELec
MPI-ESM-LR,esmFdbk1,https://doi.org/10.1594/WDCC/CMIP5.MXELe1
MPI-ESM-LR,esmFixClim1,https://doi.org/10.1594/WDCC/CMIP5.MXELx1
MPI-ESM-LR,esmHistorical,https://doi.org/10.1594/WDCC/CMIP5.MXELeh
MPI-ESM-LR,esmrcp85,https://doi.org/10.1594/WDCC/CMIP5.MXELe8
MPI-ESM-LR,sstClim,https://doi.org/10.1594/WDCC/CMIP5.MXELsc
MPI-ESM-LR,sstClim4xCO2,https://doi.org/10.1594/WDCC/CMIP5.MXELs2
MPI-ESM-LR,aquaControl,https://doi.org/10.1594/WDCC/CMIP5.MXELqc
MPI-ESM-LR,aqua4K,https://doi.org/10.1594/WDCC/CMIP5.MXELq4
MPI-ESM-LR,aqua4xCO2,https://doi.org/10.1594/WDCC/CMIP5.MXELq2
MPI-ESM-MR,historical,https://doi.org/10.1594/WDCC/CMIP5.MXMRhi
MPI-ESM-MR,rcp26,https://doi.org/10.1594/WDCC/CMIP5.MXMRr2
MPI-ESM-MR,rcp45,https://doi.org/10.1594/WDCC/CMIP5.MXMRr4
MPI-ESM-MR,rcp85,https://doi.org/10.1594/WDCC/CMIP5.MXMRr8
MPI-ESM-MR,abrupt4xCO2,https://doi.org/10.1594/WDCC/CMIP5.MXMRc2
MPI-ESM-MR,1pctCO2,https://doi.org/10.1594/WDCC/CMIP5.MXMRc1
MPI-ESM-MR,sstClim,https://doi.org/10.1594/WDCC/CMIP5.MXMRsc
MPI-ESM-MR,sstClim4xCO2,https://doi.org/10.1594/WDCC/CMIP5.MXMRs2
MPI-ESM-MR,aquaControl,https://doi.org/10.1594/WDCC/CMIP5.MXMRqc
MPI-ESM-MR,aqua4K,https://doi.org/10.1594/WDCC/CMIP5.MXMRq4
MPI-ESM-MR,aqua4xCO2,https://doi.org/10.1594/WDCC/CMIP5.MXMRq2
MPI-ESM-P,historical,https://doi.org/10.1594/WDCC/CMIP5.MXEPhi
MPI-ESM-P,abrupt4xCO2,https://doi.org/10.1594/WDCC/CMIP5.MXEPc2
MPI-ESM-P,1pctCO2,https://doi.org/10.1594/WDCC/CMIP5.MXEPc1
MPI-ESM-P,sstClim,https://doi.org/10.1594/WDCC/CMIP5.MXEPsc
MPI-ESM-P,sstClim4xCO2,https://doi.org/10.1594/WDCC/CMIP5.MXEPs2
MPI-ESM-P,lgm,https://doi.org/10.1594/WDCC/CMIP5.MXEPlg
MPI-ESM-P,midHolocene,https://doi.org/10.1594/WDCC/CMIP5.MXEPmh
MPI-ESM-P,past1000,https://doi.org/10.1594/WDCC/CMIP5.MXEPpk
MRI-AGCM3.2H,amip,https://doi.org/10.1594/WDCC/CMIP5.MRMGam
MRI-AGCM3.2H,sst2030,https://doi.org/10.1594/WDCC/CMIP5.MRMGs3
MRI-AGCM3.2S,sst2030,https://doi.org/10.1594/WDCC/CMIP5.MRMSs3
MRI-CGCM3,historical,https://doi.org/10.1594/WDCC/CMIP5.MRMChi
MRI-CGCM3,historicalExt,https://doi.org/10.1594/WDCC/CMIP5.MRMChx
MRI-CGCM3,historicalGHG,https://doi.org/10.1594/WDCC/CMIP5.MRMChg
MRI-CGCM3,historicalNat,https://doi.org/10.1594/WDCC/CMIP5.MRMChn
MRI-CGCM3,rcp26,https://doi.org/10.1594/WDCC/CMIP5.MRMCr2
MRI-CGCM3,rcp45,https://doi.org/10.1594/WDCC/CMIP5.MRMCr4
MRI-CGCM3,rcp60,https://doi.org/10.1594/WDCC/CMIP5.MRMCr6
MRI-CGCM3,rcp85,https://doi.org/10.1594/WDCC/CMIP5.MRMCr8
MRI-CGCM3,abrupt4xCO2,https://doi.org/10.1594/WDCC/CMIP5.MRMCc2
MRI-CGCM3,1pctCO2,https://doi.org/10.1594/WDCC/CMIP5.MRMCc1
MRI-CGCM3,sstClim,https://doi.org/10.1594/WDCC/CMIP5.MRMCsc
MRI-CGCM3,sstClim4xCO2,https://doi.org/10.1594/WDCC/CMIP5.MRMCs2
MRI-CGCM3,sstClimAerosol,https://doi.org/10.1594/WDCC/CMIP5.MRMCsa
MRI-CGCM3,sstClimSulfate,https://doi.org/10.1594/WDCC/CMIP5.MRMCss
MRI-CGCM3,lgm,https://doi.org/10.1594/WDCC/CMIP5.MRMClg
MRI-CGCM3,midHolocene,https://doi.org/10.1594/WDCC/CMIP5.MRMCmh
MRI-CGCM3,aquaControl,https://doi.org/10.1594/WDCC/CMIP5.MRMCqc
MRI-CGCM3,aqua4K,https://doi.org/10.1594/WDCC/CMIP5.MRMCq4
MRI-CGCM3,aqua4xCO2,https://doi.org/10.1594/WDCC/CMIP5.MRMCq2
MRI-ESM1,historical,https://doi.org/10.1594/WDCC/CMIP5.MRM1hi
MRI-ESM1,esmControl,https://doi.org/10.1594/WDCC/CMIP5.MRM1ec
MRI-ESM1,esmFixClim1,https://doi.org/10.1594/WDCC/CMIP5.MRM1x1
MRI-ESM1,esmHistorical,https://doi.org/10.1594/WDCC/CMIP5.MRM1eh
MRI-ESM1,esmrcp85,https://doi.org/10.1594/WDCC/CMIP5.MRM1e8
GISS-E2-H,piControl,https://doi.org/10.1594/WDCC/CMIP5.GIGHpc
GISS-E2-H,historical,https://doi.org/10.1594/WDCC/CMIP5.GIGHhi
GISS-E2-H,historicalExt,https://doi.org/10.1594/WDCC/CMIP5.GIGHhx
GISS-E2-H,historicalGHG,https://doi.org/10.1594/WDCC/CMIP5.GIGHhg
GISS-E2-H,historicalMisc,https://doi.org/10.1594/WDCC/CMIP5.GIGHhm
GISS-E2-H,historicalNat,https://doi.org/10.1594/WDCC/CMIP5.GIGHhn
GISS-E2-H,rcp26,https://doi.org/10.1594/WDCC/CMIP5.GIGHr2
GISS-E2-H,rcp45,https://doi.org/10.1594/WDCC/CMIP5.GIGHr4
GISS-E2-H,rcp60,https://doi.org/10.1594/WDCC/CMIP5.GIGHr6
GISS-E2-H,rcp85,https://doi.org/10.1594/WDCC/CMIP5.GIGHr8
GISS-E2-H,abrupt4xCO2,https://doi.org/10.1594/WDCC/CMIP5.GIGHc2
GISS-E2-H,1pctCO2,https://doi.org/10.1594/WDCC/CMIP5.GIGHc1
GISS-E2-H-CC,historical,https://doi.org/10.1594/WDCC/CMIP5.GIHChi
GISS-E2-H-CC,rcp45,https://doi.org/10.1594/WDCC/CMIP5.GIHCr4
GISS-E2-H-CC,esmFdbk2,https://doi.org/10.1594/WDCC/CMIP5.GIHCe2
GISS-E2-H-CC,esmFixClim2,https://doi.org/10.1594/WDCC/CMIP5.GIHCx2
GISS-E2-R,historical,https://doi.org/10.1594/WDCC/CMIP5.GIGRhi
GISS-E2-R,historicalExt,https://doi.org/10.1594/WDCC/CMIP5.GIGRhx
GISS-E2-R,historicalGHG,https://doi.org/10.1594/WDCC/CMIP5.GIGRhg
GISS-E2-R,historicalMisc,https://doi.org/10.1594/WDCC/CMIP5.GIGRhm
GISS-E2-R,historicalNat,https://doi.org/10.1594/WDCC/CMIP5.GIGRhn
GISS-E2-R,rcp26,https://doi.org/10.1594/WDCC/CMIP5.GIGRr2
GISS-E2-R,rcp45,https://doi.org/10.1594/WDCC/CMIP5.GIGRr4
GISS-E2-R,rcp60,https://doi.org/10.1594/WDCC/CMIP5.GIGRr6
GISS-E2-R,rcp85,https://doi.org/10.1594/WDCC/CMIP5.GIGRr8
GISS-E2-R,abrupt4xCO2,https://doi.org/10.1594/WDCC/CMIP5.GIGRc2
GISS-E2-R,1pctCO2,https://doi.org/10.1594/WDCC/CMIP5.GIGRc1
GISS-E2-R,lgm,https://doi.org/10.1594/WDCC/CMIP5.GIGRlg
GISS-E2-R,midHolocene,https://doi.org/10.1594/WDCC/CMIP5.GIGRmh
GISS-E2-R,past1000,https://doi.org/10.1594/WDCC/CMIP5.GIGRpk
GISS-E2-R-CC,historical,https://doi.org/10.1594/WDCC/CMIP5.GIRChi
GISS-E2-R-CC,rcp45,https://doi.org/10.1594/WDCC/CMIP5.GIRCr4
GISS-E2-R-CC,esmFdbk2,https://doi.org/10.1594/WDCC/CMIP5.GIRCe2
GISS-E2-R-CC,esmFixClim2,https://doi.org/10.1594/WDCC/CMIP5.GIRCx2
CCSM4,piControl,https://doi.org/10.1594/WDCC/CMIP5.NRS4pc
CCSM4,amip,https://doi.org/10.1594/WDCC/CMIP5.NRS4am
CCSM4,amip4K,https://doi.org/10.1594/WDCC/CMIP5.NRS4a4
CCSM4,amip4xCO2,https://doi.org/10.1594/WDCC/CMIP5.NRS4a2
CCSM4,amipFuture,https://doi.org/10.1594/WDCC/CMIP5.NRS4af
CCSM4,historical,https://doi.org/10.1594/WDCC/CMIP5.NRS4hi
CCSM4,historicalGHG,https://doi.org/10.1594/WDCC/CMIP5.NRS4hg
CCSM4,historicalMisc,https://doi.org/10.1594/WDCC/CMIP5.NRS4hm
CCSM4,historicalNat,https://doi.org/10.1594/WDCC/CMIP5.NRS4hn
CCSM4,rcp26,https://doi.org/10.1594/WDCC/CMIP5.NRS4r2
CCSM4,rcp45,https://doi.org/10.1594/WDCC/CMIP5.NRS4r4
CCSM4,rcp60,https://doi.org/10.1594/WDCC/CMIP5.NRS4r6
CCSM4,rcp85,https://doi.org/10.1594/WDCC/CMIP5.NRS4r8
CCSM4,abrupt4xCO2,https://doi.org/10.1594/WDCC/CMIP5.NRS4c2
CCSM4,1pctCO2,https://doi.org/10.1594/WDCC/CMIP5.NRS4c1
CCSM4,sstClim,https://doi.org/10.1594/WDCC/CMIP5.NRS4sc
CCSM4,sstClim4xCO2,https://doi.org/10.1594/WDCC/CMIP5.NRS4s2
CCSM4,lgm,https://doi.org/10.1594/WDCC/CMIP5.NRS4lg
CCSM4,midHolocene,https://doi.org/10.1594/WDCC/CMIP5.NRS4mh
CCSM4,past1000,https://doi.org/10.1594/WDCC/CMIP5.NRS4pk
CESM1(BGC),historical,https://doi.org/10.1594/WDCC/CMIP5.NFCBhi
CESM1(BGC),rcp45,https://doi.org/10.1594/WDCC/CMIP5.NFCBr4
CESM1(BGC),rcp85,https://doi.org/10.1594/WDCC/CMIP5.NFCBr8
CESM1(BGC),1pctCO2,https://doi.org/10.1594/WDCC/CMIP5.NFCBc1
CESM1(BGC),esmControl,https://doi.org/10.1594/WDCC/CMIP5.NFCBec
CESM1(BGC),esmFdbk1,https://doi.org/10.1594/WDCC/CMIP5.NFCBe1
CESM1(BGC),esmFdbk2,https://doi.org/10.1594/WDCC/CMIP5.NFCBe2
CESM1(BGC),esmFixClim1,https://doi.org/10.1594/WDCC/CMIP5.NFCBx1
CESM1(BGC),esmFixClim2,https://doi.org/10.1594/WDCC/CMIP5.NFCBx2
CESM1(BGC),esmHistorical,https://doi.org/10.1594/WDCC/CMIP5.NFCBeh
CESM1(BGC),esmrcp85,https://doi.org/10.1594/WDCC/CMIP5.NFCBe8
CESM1(CAM5),historical,https://doi.org/10.1594/WDCC/CMIP5.NFCChi
CESM1(CAM5),rcp26,https://doi.org/10.1594/WDCC/CMIP5.NFCCr2
CESM1(CAM5),rcp45,https://doi.org/10.1594/WDCC/CMIP5.NFCCr4
CESM1(CAM5),rcp60,https://doi.org/10.1594/WDCC/CMIP5.NFCCr6
CESM1(CAM5),rcp85,https://doi.org/10.1594/WDCC/CMIP5.NFCCr8
CESM1(CAM5),1pctCO2,https://doi.org/10.1594/WDCC/CMIP5.NFCCc1
"CESM1(CAM5.1,FV2)",historical,https://doi.org/10.1594/WDCC/CMIP5.NFCVhi
"CESM1(CAM5.1,FV2)",historicalGHG,https://doi.org/10.1594/WDCC/CMIP5.NFCVhg
"CESM1(CAM5.1,FV2)",historicalMisc,https://doi.org/10.1594/WDCC/CMIP5.NFCVhm
"CESM1(CAM5.1,FV2)",historicalNat,https://doi.org/10.1594/WDCC/CMIP5.NFCVhn
"CESM1(CAM5.1,FV2)",abrupt4xCO2,https://doi.org/10.1594/WDCC/CMIP5.NFCVc2
"CESM1(CAM5.1,FV2)",1pctCO2,https://doi.org/10.1594/WDCC/CMIP5.NFCVc1
CESM1(FASTCHEM),historical,https://doi.org/10.1594/WDCC/CMIP5.NFCFhi
CESM1(WACCM),historical,https://doi.org/10.1594/WDCC/CMIP5.NFCWhi
CESM1(WACCM),rcp26,https://doi.org/10.1594/WDCC/CMIP5.NFCWr2
CESM1(WACCM),rcp45,https://doi.org/10.1594/WDCC/CMIP5.NFCWr4
CESM1(WACCM),rcp85,https://doi.org/10.1594/WDCC/CMIP5.NFCWr8
NorESM1-M,piControl,https://doi.org/10.1594/WDCC/CMIP5.NCCNMpc
NorESM1-M,amip,https://doi.org/10.1594/WDCC/CMIP5.NCCNMam
NorESM1-M,amip4xCO2,https://doi.org/10.1594/WDCC/CMIP5.NCCNMa2
NorESM1-M,historical,https://doi.org/10.1594/WDCC/CMIP5.NCCNMhi
NorESM1-M,historicalExt,https://doi.org/10.1594/WDCC/CMIP5.NCCNMhx
NorESM1-M,historicalGHG,https://doi.org/10.1594/WDCC/CMIP5.NCCNMhg
NorESM1-M,historicalMisc,https://doi.org/10.1594/WDCC/CMIP5.NCCNMhm
NorESM1-M,historicalNat,https://doi.org/10.1594/WDCC/CMIP5.NCCNMhn
NorESM1-M,rcp26,https://doi.org/10.1594/WDCC/CMIP5.NCCNMr2
NorESM1-M,rcp45,https://doi.org/10.1594/WDCC/CMIP5.NCCNMr4
NorESM1-M,rcp60,https://doi.org/10.1594/WDCC/CMIP5.NCCNMr6
NorESM1-M,rcp85,https://doi.org/10.1594/WDCC/CMIP5.NCCNMr8
NorESM1-M,abrupt4xCO2,https://doi.org/10.1594/WDCC/CMIP5.NCCNMc2
NorESM1-M,1pctCO2,https://doi.org/10.1594/WDCC/CMIP5.NCCNMc1
NorESM1-M,sst2030,https://doi.org/10.1594/WDCC/CMIP5.NCCNMs3
NorESM1-M,sstClim,https://doi.org/10.1594/WDCC/CMIP5.NCCNMsc
NorESM1-M,sstClim4xCO2,https://doi.org/10.1594/WDCC/CMIP5.NCCNMs2
NorESM1-M,sstClimAerosol,https://doi.org/10.1594/WDCC/CMIP5.NCCNMsa
NorESM1-ME,historical,https://doi.org/10.1594/WDCC/CMIP5.NCCNEhi
NorESM1-ME,rcp26,https://doi.org/10.1594/WDCC/CMIP5.NCCNEr2
NorESM1-ME,rcp45,https://doi.org/10.1594/WDCC/CMIP5.NCCNEr4
NorESM1-ME,rcp60,https://doi.org/10.1594/WDCC/CMIP5.NCCNEr6
NorESM1-ME,rcp85,https://doi.org/10.1594/WDCC/CMIP5.NCCNEr8
NorESM1-ME,1pctCO2,https://doi.org/10.1594/WDCC/CMIP5.NCCNEc1
NorESM1-ME,esmControl,https://doi.org/10.1594/WDCC/CMIP5.NCCNEec
NorESM1-ME,esmFdbk1,https://doi.org/10.1594/WDCC/CMIP5.NCCNEe1
NorESM1-ME,esmFixClim1,https://doi.org/10.1594/WDCC/CMIP5.NCCNEx1
NorESM1-ME,esmHistorical,https://doi.org/10.1594/WDCC/CMIP5.NCCNEeh
NorESM1-ME,esmrcp85,https://doi.org/10.1594/WDCC/CMIP5.NCCNEe8
HadGEM2-AO,historical,https://doi.org/10.1594/WDCC/CMIP5.NIGOhi
HadGEM2-AO,rcp26,https://doi.org/10.1594/WDCC/CMIP5.NIGOr2
HadGEM2-AO,rcp45,https://doi.org/10.1594/WDCC/CMIP5.NIGOr4
HadGEM2-AO,rcp60,https://doi.org/10.1594/WDCC/CMIP5.NIGOr6
HadGEM2-AO,rcp85,https://doi.org/10.1594/WDCC/CMIP5.NIGOr8
GFDL-CM3,historical,https://doi.org/10.1594/WDCC/CMIP5.NGG3hi
GFDL-CM3,historicalGHG,https://doi.org/10.1594/WDCC/CMIP5.NGG3hg
GFDL-CM3,historicalMisc,https://doi.org/10.1594/WDCC/CMIP5.NGG3hm
GFDL-CM3,historicalNat,https://doi.org/10.1594/WDCC/CMIP5.NGG3hn
GFDL-CM3,rcp26,https://doi.org/10.1594/WDCC/CMIP5.NGG3r2
GFDL-CM3,rcp45,https://doi.org/10.1594/WDCC/CMIP5.NGG3r4
GFDL-CM3,rcp60,https://doi.org/10.1594/WDCC/CMIP5.NGG3r6
GFDL-CM3,rcp85,https://doi.org/10.1594/WDCC/CMIP5.NGG3r8
GFDL-CM3,abrupt4xCO2,https://doi.org/10.1594/WDCC/CMIP5.NGG3c2
GFDL-CM3,1pctCO2,https://doi.org/10.1594/WDCC/CMIP5.NGG3c1
GFDL-CM3,sstClim,https://doi.org/10.1594/WDCC/CMIP5.NGG3sc
GFDL-CM3,sstClim4xCO2,https://doi.org/10.1594/WDCC/CMIP5.NGG3s2
GFDL-CM3,sstClimAerosol,https://doi.org/10.1594/WDCC/CMIP5.NGG3sa
GFDL-CM3,sstClimSulfate,https://doi.org/10.1594/WDCC/CMIP5.NGG3ss
GFDL-ESM2G,historical,https://doi.org/10.1594/WDCC/CMIP5.NGEGhi
GFDL-ESM2G,historicalMisc,https://doi.org/10.1594/WDCC/CMIP5.NGEGhm
GFDL-ESM2G,rcp26,https://doi.org/10.1594/WDCC/CMIP5.NGEGr2
GFDL-ESM2G,rcp45,https://doi.org/10.1594/WDCC/CMIP5.NGEGr4
GFDL-ESM2G,rcp60,https://doi.org/10.1594/WDCC/CMIP5.NGEGr6
GFDL-ESM2G,rcp85,https://doi.org/10.1594/WDCC/CMIP5.NGEGr8
GFDL-ESM2G,abrupt4xCO2,https://doi.org/10.1594/WDCC/CMIP5.NGEGc2
GFDL-ESM2G,1pctCO2,https://doi.org/10.1594/WDCC/CMIP5.NGEGc1
GFDL-ESM2G,esmControl,https://doi.org/10.1594/WDCC/CMIP5.NGEGec
GFDL-ESM2G,esmHistorical,https://doi.org/10.1594/WDCC/CMIP5.NGEGeh
GFDL-ESM2G,esmrcp85,https://doi.org/10.1594/WDCC/CMIP5.NGEGe8
GFDL-ESM2M,historical,https://doi.org/10.1594/WDCC/CMIP5.NGEMhi
GFDL-ESM2M,historicalGHG,https://doi.org/10.1594/WDCC/CMIP5.NGEMhg
GFDL-ESM2M,historicalMisc,https://doi.org/10.1594/WDCC/CMIP5.NGEMhm
GFDL-ESM2M,historicalNat,https://doi.org/10.1594/WDCC/CMIP5.NGEMhn
GFDL-ESM2M,rcp26,https://doi.org/10.1594/WDCC/CMIP5.NGEMr2
GFDL-ESM2M,rcp45,https://doi.org/10.1594/WDCC/CMIP5.NGEMr4
GFDL-ESM2M,rcp60,https://doi.org/10.1594/WDCC/CMIP5.NGEMr6
GFDL-ESM2M,rcp85,https://doi.org/10.1594/WDCC/CMIP5.NGEMr8
GFDL-ESM2M,abrupt4xCO2,https://doi.org/10.1594/WDCC/CMIP5.NGEMc2
GFDL-ESM2M,1pctCO2,https://doi.org/10.1594/WDCC/CMIP5.NGEMc1
GFDL-ESM2M,esmControl,https://doi.org/10.1594/WDCC/CMIP5.NGEMec
GFDL-ESM2M,esmFdbk1,https://doi.org/10.1594/WDCC/CMIP5.NGEMe1
GFDL-ESM2M,esmFdbk2,https://doi.org/10.1594/WDCC/CMIP5.NGEMe2
GFDL-ESM2M,esmFixClim1,https://doi.org/10.1594/WDCC/CMIP5.NGEMx1
GFDL-ESM2M,esmFixClim2,https://doi.org/10.1594/WDCC/CMIP5.NGEMx2
GFDL-ESM2M,esmHistorical,https://doi.org/10.1594/WDCC/CMIP5.NGEMeh
GFDL-ESM2M,esmrcp85,https://doi.org/10.1594/WDCC/CMIP5.NGEMe8
GFDL-HIRAM-C180,sst2030,https://doi.org/10.1594/WDCC/CMIP5.NGH1s3
GFDL-HIRAM-C360,sst2030,https://doi.org/10.1594/WDCC/CMIP5.NGH3s3
